stage,strategy,n,seedBlocks,mean,min,max,sd,p05,p25,median,p75,p95,winRate,averageRank,averageCaptainWins,averageBidSpent,averageMortgages
01-screen,bid+6,8192,32,100.9893798828125,-49,215,27.951551462486478,56,83,101,120,146,0.390869140625,2.0152587890625,0.4166259765625,8.036865234375,0.4312744140625
01-screen,bid+3,8192,32,102.1500244140625,10,215,27.237235594078996,57,84,102,121,145,0.39056396484375,2.0567626953125,0.018310546875,0.29150390625,0.0069580078125
01-screen,bid+9,8192,32,98.6533203125,-26,221,29.71119158407832,50,79,98,118,146,0.372314453125,2.06982421875,0.8201904296875,17.9627685546875,0.9134521484375
01-screen,bid+12,8192,32,92.6866455078125,-28,215,31.275803399486087,41,72,93,114,142,0.3458251953125,2.18115234375,1.2220458984375,29.7864990234375,1.4410400390625
01-screen,bid+18,8192,32,80.91064453125,-29,204,33.024991354077095,27,57,80,105,133,0.281982421875,2.4345703125,1.6640625,47.7535400390625,2.1644287109375
01-screen,bid+24,8192,32,70.3695068359375,-32,189,32.387416642621616,20,49,68,91,125,0.2064208984375,2.6595458984375,2.0322265625,66.1278076171875,2.91455078125
01-screen,bid+36,8192,32,56.1240234375,-28,165,26.420757037143375,16,38,54,73,103,0.12005615234375,2.9110107421875,2.314208984375,83.7880859375,3.343017578125
01-screen,bid+60,8192,32,52.7113037109375,-28,145,24.298740538479823,14,37,52,68,96,0.07147216796875,3.024169921875,2.3365478515625,88.96533203125,3.3414306640625
01-screen,bid+48,8192,32,52.5164794921875,-28,145,24.50625301786817,14,36,51,68,96,0.07049560546875,3.0394287109375,2.355224609375,89.3294677734375,3.3621826171875
02-refine,bid+3,4608,24,98.29991319444444,20,206,27.744897942381254,52,82,98,118,141,0.3031684027777778,2.2942708333333335,0.2990451388888889,5.186197916666667,0.3402777777777778
02-refine,bid-liquid+3,4608,24,98.03797743055556,20,206,29.720579767582464,49,78,98,118,148,0.2822265625,2.3582899305555554,0.2797309027777778,4.796875,0.3231336805555556
02-refine,bid+5,4608,24,94.97287326388889,-13,192,27.954494982062926,47,77,95,115,138,0.2822265625,2.3758680555555554,1.0920138888888888,20.46245659722222,1.2840711805555556
02-refine,bid+6,4608,24,92.52582465277777,-13,207,28.991458240952692,43,73,93,115,133,0.2559678819444444,2.458767361111111,1.6384548611111112,32.01844618055556,1.9496527777777777
02-refine,bid-liquid+6,4608,24,92.31792534722223,-5,219,29.35473199884802,45,73,93,113,141,0.2318793402777778,2.5553385416666665,1.5846354166666667,30.928385416666668,1.9223090277777777
02-refine,bid+7,4608,24,87.96310763888889,-11,207,28.695378188651656,43,69,89,108,130,0.21690538194444445,2.609375,2.1299913194444446,43.42534722222222,2.5375434027777777
02-refine,bid+9,4608,24,83.12261284722223,-11,195,29.11902225105183,37,64,83,102,130,0.17762586805555555,2.7805989583333335,2.7699652777777777,60.46397569444444,3.349826388888889
03-models,bid-liquid+3,128,32,102.8828125,35,160,26.068541119940857,60,85,103,116,147.95,0.2265625,2.25,0.3046875,5.5703125,0.40625
03-models,bid+3,128,32,102.15625,35,160,26.87135802094423,58,83,103,116,147.95,0.2265625,2.2734375,0.28125,5.3359375,0.359375
03-models,relative-liquid+3,128,32,94.546875,34,182,30.67504548251446,49.35,71.5,93,115,150.24999999999994,0.21875,2.6484375,0.328125,5.8984375,0.3125
03-models,relative+3,128,32,95.46875,35,182,30.039327896483318,51.4,72,95,115,150.24999999999994,0.21875,2.6796875,0.34375,6.078125,0.3125
03-models,look-liquid+3,128,32,96.828125,17,170,30.64788836157594,51.05,77,95,118,142.64999999999998,0.203125,2.5546875,0.3046875,5.34375,0.3203125
03-models,look+3,128,32,96.546875,17,170,31.034108585059943,37.800000000000004,77,95,118,142.64999999999998,0.203125,2.5546875,0.328125,5.859375,0.3203125
04-finals,bid-liquid+3,512,64,104.177734375,-1,217,31.807481863375983,56.1,82,105,123,158,0.310546875,2.33203125,1.31640625,22.537109375,1.419921875
04-finals,bid+3,512,64,102.11328125,14,183,27.162532820271544,59,84,101,121.25,148.34999999999997,0.2587890625,2.431640625,1.599609375,27.203125,1.81640625
04-finals,relative-liquid+3,512,64,100.140625,-34,199,30.62077479939181,54,81,100,119,151,0.2509765625,2.482421875,1.46875,25.1171875,1.568359375
04-finals,relative+3,512,64,96.30078125,11,208,28.644172355925537,56,78,94.5,112,146.45,0.1796875,2.68359375,1.369140625,23.392578125,1.478515625
05-audit,look-liquid+3,128,32,105.6796875,25,188,35.40717788204626,58,81.75,97.5,133,171.29999999999998,0.2890625,2.296875,0.8515625,14.578125,0.953125
05-audit,bid+3,128,32,103.84375,45,178,30.730332677286345,54.35,83.5,100,124,160,0.265625,2.234375,0.9375,15.734375,1.046875
05-audit,bid-liquid+3,128,32,103.765625,45,178,31.083449877695568,54.35,82,100,124.25,160,0.265625,2.2421875,0.921875,15.4453125,1.03125
05-audit,bid+5,128,32,101.140625,45,170,25.504279207105927,63,82.25,100,117,140.64999999999998,0.2265625,2.3359375,4.0546875,71.2109375,4.6875
05-audit,relative+3,128,32,102.375,28,184,31.334617720925454,58,80,98,124,158.95,0.21484375,2.4609375,0.8515625,14.6484375,0.953125
05-audit,relative-liquid+3,128,32,101.9609375,28,184,32.082178520819504,56.35,80,98,124.25,158.95,0.21484375,2.46875,0.8359375,14.453125,0.9375
05-audit,bid+24,128,32,97.25,36,159,27.82594948185828,59,78.75,91,114.25,155.64999999999998,0.203125,2.4296875,5.2890625,93.6953125,6.328125
05-audit,bid+60,128,32,97.25,36,159,27.82594948185828,59,78.75,91,114.25,155.64999999999998,0.203125,2.4296875,5.2890625,93.6953125,6.328125
06-higher-models,bid-liquid+3,128,32,102.8828125,35,160,26.068541119940857,60,85,103,116,147.95,0.2265625,2.25,0.3046875,5.5703125,0.40625
06-higher-models,bid+3,128,32,102.15625,35,160,26.87135802094423,58,83,103,116,147.95,0.2265625,2.2734375,0.28125,5.3359375,0.359375
06-higher-models,relative+6,128,32,86.1875,-2,169,34.6648179902796,22.1,67,92,106,140,0.1328125,2.7734375,4.546875,84.7265625,5.0859375
06-higher-models,relative+9,128,32,82.5703125,6,157,32.35012287913719,33,59,78,105,135,0.125,2.9140625,5.2890625,100.71875,6
06-higher-models,relative+12,128,32,82.5703125,6,157,32.35012287913719,33,59,78,105,135,0.125,2.9140625,5.2890625,100.71875,6
06-higher-models,look+6,128,32,85.796875,-6,156,33.3986560564636,29.7,67.75,87,108,144.24999999999994,0.09375,2.90625,4.28125,80.625,4.921875
06-higher-models,look+9,128,32,80.828125,-6,156,34.73184324275592,25,62,81,103,144.24999999999994,0.0859375,3.03125,5.1171875,98.1484375,5.984375
06-higher-models,look+12,128,32,80.828125,-6,156,34.73184324275592,25,62,81,103,144.24999999999994,0.0859375,3.03125,5.1171875,98.1484375,5.984375
06b-low-pair,bid+3,3840,24,103.47005208333333,11,255,31.910661612711802,47,84,103,126,152,0.280078125,2.427864583333333,2.07265625,35.274479166666666,2.382552083333333
06b-low-pair,bid-liquid+2,3840,24,102.13854166666667,16,214,33.14193232142244,41,83,101,126,157,0.26796875,2.472395833333333,1.4734375,24.021354166666665,1.6734375
06b-low-pair,bid+2,3840,24,104.60807291666667,10,214,30.957958492012057,50,88,103,126,156,0.2615885416666667,2.4283854166666665,1.2932291666666667,21.10390625,1.484375
06b-low-pair,bid-liquid+3,3840,24,100.79270833333334,12,199,32.2177850304314,42,81,99,123,151,0.246875,2.5109375,2.2135416666666665,37.61354166666667,2.5697916666666667
06b-low-pair,bid-liquid+1,3840,24,101.52317708333334,-1,223,32.00894450908161,41,83,100,125,151,0.23203125,2.5244791666666666,0.66796875,10.739322916666667,0.76328125
06b-low-pair,bid+1,3840,24,103.27135416666667,11,198,29.61664964459078,53,86,102,123,149,0.21145833333333333,2.50078125,0.5296875,8.529947916666666,0.6276041666666666
06c-cross-models,look+2,128,32,102.890625,17,201,32.44164582536262,59,80.75,99.5,119.25,169,0.25,2.4140625,0,0,0
06c-cross-models,bid+1,128,32,102.5859375,35,160,27.99086671731717,56.35,82.75,104,117,153.54999999999995,0.24609375,2.25,0,0,0
06c-cross-models,bid-liquid+1,128,32,102.5859375,35,160,27.99086671731717,56.35,82.75,104,117,153.54999999999995,0.24609375,2.25,0,0,0
06c-cross-models,bid+2,128,32,101.65625,35,160,26.650386680801095,56.35,82.75,103,116,147.95,0.2421875,2.2734375,0,0,0
06c-cross-models,bid-liquid+2,128,32,101.65625,35,160,26.650386680801095,56.35,82.75,103,116,147.95,0.2421875,2.2734375,0,0,0
06c-cross-models,relative+2,128,32,96.3671875,-10,176,32.61318778077987,54,72.75,94,115.75,154.29999999999998,0.2421875,2.59375,0.015625,0.2421875,0.03125
06c-cross-models,look+1,128,32,103.609375,17,201,33.20426743634396,59.349999999999994,81,98,119.25,170,0.234375,2.46875,0,0,0
06c-cross-models,relative+1,128,32,98.015625,35,176,30.464639208859577,54,75.5,97,115,155,0.23046875,2.59375,0,0,0
06c-cross-models,relative-liquid+6,128,32,86.6171875,-9,169,33.50099800928489,33.35,68,89,106,140,0.140625,2.7421875,4.328125,81.234375,5.0625
06c-cross-models,relative-liquid+9,128,32,80.5859375,-9,157,34.42657994904793,27.4,59,76.5,105,135,0.1328125,2.90625,4.9609375,95.1015625,6.0078125
06c-cross-models,look-liquid+6,128,32,89,-2,156,31.033129363798235,31,69.5,90,108,144.24999999999994,0.11979166666666667,2.7734375,4.1796875,78.625,4.953125
06c-cross-models,look-liquid+9,128,32,83.4140625,-2,156,33.11243726270203,26.400000000000002,63,85,104,144.24999999999994,0.11197916666666667,2.96875,4.8828125,93.796875,6.015625
07-confirmation,bid-liquid+3,1536,64,101.357421875,16,200,29.4241892932316,52,82,102,121,149.25,0.2722439236111111,2.4147135416666665,2.1015625,35.607421875,2.4010416666666665
07-confirmation,bid+3,1536,64,101.33528645833333,19,200,29.422390900507263,53,82,101,121,149,0.2722439236111111,2.416015625,2.1549479166666665,36.469401041666664,2.421875
07-confirmation,relative+2,1536,64,99.072265625,33,191,28.426772930257492,55,77.75,98,119,148,0.23773871527777776,2.5533854166666665,0.66015625,11.173177083333334,0.7018229166666666
07-confirmation,look+2,1536,64,99.63606770833333,12,203,28.932759988515897,56,80,98,118,148.25,0.2177734375,2.5651041666666665,0.638671875,10.939453125,0.6901041666666666
08-final-audit,bid+6,128,32,110.28125,40,198,32.824260640784786,54.25000000000001,88,110.5,126,175,0.34765625,2.234375,5.0859375,88.8984375,5.828125
08-final-audit,bid+12,128,32,110.28125,40,198,32.824260640784786,54.25000000000001,88,110.5,126,175,0.34765625,2.234375,5.0859375,88.8984375,5.828125
08-final-audit,bid+24,128,32,110.28125,40,198,32.824260640784786,54.25000000000001,88,110.5,126,175,0.34765625,2.234375,5.0859375,88.8984375,5.828125
08-final-audit,bid+60,128,32,110.28125,40,198,32.824260640784786,54.25000000000001,88,110.5,126,175,0.34765625,2.234375,5.0859375,88.8984375,5.828125
08-final-audit,look-liquid+3,128,32,103.75,30,180,27.066264558770467,58.05,86,104,119,150.64999999999998,0.24609375,2.4765625,1.3828125,23.859375,1.515625
08-final-audit,relative-liquid+6,128,32,97.953125,23,184,32.89158027747536,39.35,82.5,99,121.25,146.49999999999991,0.234375,2.59375,4.9453125,87.0390625,5.8046875
08-final-audit,bid-liquid+3,128,32,103.2734375,42,210,30.15438356082032,48,83,105.5,120,148.64999999999998,0.21875,2.453125,1.1875,20.296875,1.390625
08-final-audit,bid+3,128,32,103.0390625,42,210,30.17909855620864,48,83,105,120,148.64999999999998,0.21875,2.4609375,1.1875,20.296875,1.390625
08-final-audit,look+2,128,32,103.921875,51,169,24.251831451256574,67.1,87.75,103.5,117.5,146,0.203125,2.515625,0.3515625,5.890625,0.3671875
08-final-audit,bid+1,128,32,99.421875,42,210,29.19244033709148,43,79,103,117,139.95,0.19921875,2.5703125,0.0703125,1.2109375,0.09375
08-final-audit,bid+2,128,32,100.5625,42,210,29.41924754279504,48,83,103,117,141.64999999999998,0.171875,2.546875,0.28125,4.890625,0.375
08-final-audit,relative+2,128,32,99.28125,48,167,26.325622230571714,57,82,97,116.25,145.29999999999998,0.15625,2.625,0.3671875,6.3125,0.4140625
09-critical-pair,bid+3,16384,256,101.547607421875,-5,224,29.74040039862908,52,82,102,121,149.84999999999854,0.271728515625,2.3935546875,0.70745849609375,12.14532470703125,0.81304931640625
09-critical-pair,bid-liquid+3,16384,256,100.6622314453125,8,224,29.588927939081607,50,81,101,120,148,0.26123046875,2.4500732421875,0.67059326171875,11.56427001953125,0.77386474609375
09-critical-pair,bid+6,16384,256,94.3079833984375,-35,241,30.328861317778273,45,74,94,115,144,0.217041015625,2.605224609375,2.7255859375,52.409912109375,3.2664794921875
10-critical-audit,bid-liquid+3,1024,256,100.30078125,26,194,27.686757819015874,56.150000000000006,81,99,120,147,0.25341796875,2.5048828125,1.1962890625,20.4501953125,1.337890625
10-critical-audit,bid+6,1024,256,99.5986328125,1,190,30.593478660417052,49.150000000000006,78,100.5,121,150.69999999999982,0.24169921875,2.47265625,5.2099609375,92.5615234375,6.1328125
10-critical-audit,look-liquid+3,1024,256,102.91015625,26,202,25.77574038035426,61,83,103,120,146,0.22705078125,2.4384765625,1.203125,20.611328125,1.251953125
10-critical-audit,relative-liquid+6,1024,256,95.916015625,-11,194,34.55295816894097,42.150000000000006,72,93,120,157,0.19873046875,2.701171875,5.115234375,91.1796875,5.9130859375
