mode,players,strategy,n,seedBlocks,mean,min,max,sd,p05,p25,median,p75,p95,mean95_low,mean95_high,winRate,win95_low,win95_high,averageRank,averageVoyages,averageCaptainWins,averageBidSpent,averageMortgages
focal,3,aggressive,384,128,132.38802083333334,33,219,40.418217879350465,71,104,132,160,204.69999999999993,125.39105405143185,139.38498761523482,0.5533854166666666,0.4680295293031045,0.6387413040302288,1.6770833333333333,5.315104166666667,5.263020833333333,76.828125,5.036458333333333
focal,3,search,192,64,128.68229166666666,23,261,36.563336698560306,75.65,105,126.5,148.5,192.14999999999992,121.80751699548551,135.5570663378478,0.28125,0.20817794335066953,0.3543220566493305,2.046875,5.369791666666667,2.0572916666666665,29.135416666666668,1.8177083333333333
focal,3,greedy,384,128,126.63541666666667,8,213,31.09301124254143,84.15,106,126,146,182,122.06773391853176,131.20309941480158,0.3489583333333333,0.2807428743158056,0.41717379235086105,1.890625,5.4765625,1.2916666666666667,18.453125,0.6041666666666666
focal,3,balanced,384,128,123.05208333333333,34,220,33.96315613662339,73.15,100,120,141,188.84999999999997,118.1320802604643,127.97208640620235,0.3125,0.2527418112736002,0.3722581887263998,2.0651041666666665,5.294270833333333,2.0130208333333335,28.453125,1.9296875
focal,3,cautious,384,128,117.19010416666667,45,220,26.81418131458366,77.15,100,117,133,164,113.4093468652416,120.97086146809174,0.1484375,0.09899016426553522,0.19788483573446478,2.3020833333333335,5.28125,0,0,0
focal,3,random,384,128,68.4375,-40,176,28.777552355651192,28,51,67,87,122.24999999999983,64.41206044375852,72.46293955624148,0.010416666666666666,0,0.02651928589520359,2.9609375,5.4453125,1.7552083333333333,25.541666666666668,2.4088541666666665
focal,4,aggressive,512,128,114.732421875,40,193,28.82385746040932,70.55000000000001,92.75,115,137,159,109.75678323067453,119.70806051932547,0.416015625,0.33102560182279245,0.5010056481772076,2.044921875,5.32421875,5.24609375,77.3515625,5.53515625
focal,4,search,256,64,112.8359375,41,212,33.177071540152426,57.75,90,111.5,135,172.5,106.50832138448737,119.16355361551263,0.30078125,0.22662012470958737,0.37494237529041263,2.3515625,5.43359375,1.578125,22.55859375,1.375
focal,4,balanced,512,128,105.703125,-11,193,30.999112259241503,54,86.75,103,127,154,101.36704916452852,110.03920083547148,0.255859375,0.1968909066137034,0.3148278433862966,2.529296875,5.349609375,1.572265625,22.58203125,1.646484375
focal,4,greedy,512,128,104.21875,9,184,27.015669150471723,66,85,103,122,147,100.26175856700607,108.17574143299393,0.1708984375,0.12252404229438707,0.21927283270561293,2.5390625,5.48046875,1.15625,16.87890625,0.673828125
focal,4,cautious,512,128,99.974609375,8,168,27.250690575349,53,81,99,118.25,148,96.31364312970041,103.63557562029959,0.14453125,0.0964196595051065,0.1926428404948935,2.8046875,5.33984375,0,0,0.00390625
focal,4,random,512,128,63.021484375,-14,146,29.19838224588245,10.55,47,62,81,111,58.715837154162074,67.32713159583793,0.025390625,0,0.05192787616430035,3.712890625,5.466796875,1.435546875,20.6953125,1.9140625
focal,5,search,320,64,99.5625,12,176,29.23286412289405,52.800000000000004,81,97,119,149.05,94.03806625073665,105.08693374926335,0.28125,0.20705651234029288,0.3554434876597071,2.628125,5.375,1.203125,17.153125,1.14375
focal,5,aggressive,640,128,99.2734375,-3,164,28.262661057910574,50,82,99,117.25,148,94.42487803742002,104.12199696257998,0.38671875,0.3044391829273369,0.4689983170726631,2.4015625,5.303125,5.1734375,76.58125,5.765625
focal,5,balanced,640,128,93.2984375,-23,172,29.43133432983072,47.95,74,95,111,142,89.19981803718652,97.3970569628135,0.2078125,0.15378421728237746,0.26184078271762257,2.9390625,5.2671875,1.2859375,18.53125,1.3453125
focal,5,greedy,640,128,91.590625,-6,162,24.5233989298063,49,77,93,107,127.09999999999991,87.99775710492077,95.18349289507924,0.13125,0.08413083146630149,0.17836916853369852,3.0109375,5.4,0.8546875,12.453125,0.478125
focal,5,cautious,640,128,87.4328125,6,172,27.680750726426517,43,67,88,107,131,83.68028988663735,91.18533511336264,0.125,0.08284412128497118,0.16715587871502882,3.3171875,5.271875,0,0,0
focal,5,random,640,128,56.6046875,-20,144,26.605357513393727,19,37,55.5,73,104.04999999999995,52.77154330007739,60.437831699922604,0.02109375,0.0007399271402180572,0.04144757285978194,4.4703125,5.440625,1.065625,15.734375,1.509375
mixed,4,aggressive,3072,128,116.84375,-50,217,32.42833945192457,63,96,118,138,169,113.37915531444656,120.30834468555344,0.4546983506944444,0.4184643230900237,0.49093237829886516,1.9625651041666667,5.346028645833333,5.277669270833333,76.31868489583333,5.390950520833333
mixed,4,greedy,3072,128,103.9990234375,17,184,25.269043984128185,65,86,103,122,147,101.96984966877983,106.02819720622017,0.18760850694444445,0.1681264535561904,0.2070905603326985,2.5452473958333335,5.346028645833333,0.0380859375,0.4869791666666667,0.008463541666666666
mixed,4,balanced,3072,128,98.64029947916667,18,212,29.90299921533707,47,79,99,119,147,96.64658225522409,100.63401670310925,0.1825629340277778,0.1658797071254997,0.19924616093005587,2.7024739583333335,5.346028645833333,0.0302734375,0.3857421875,0.005533854166666667
mixed,4,cautious,3072,128,98.2431640625,18,204,29.82461135827037,47,79,98,119,147,96.25606124489802,100.23026688010198,0.17513020833333334,0.1583266509050404,0.1919337657616263,2.7281901041666665,5.346028645833333,0,0,0.0035807291666666665
